title,description,gamemaster,system,genres,tone,age_suitability,minimum_players,optimal_players,maximum_players
"Man Without a Face, The",Duis bibendum. Morbi non quam nec dui luctus rutrum. Nulla tellus.,Agnese Vaneev,Call of Cthulhu,"Survival, Horror",Serious,Kids,3,4,6
Don's Plum,"Nullam sit amet turpis elementum ligula vehicula consequat. Morbi a ipsum. Integer a nibh.

In quis justo. Maecenas rhoncus aliquam lacus. Morbi quis tortor id nulla ultrices aliquet.

Maecenas leo odio, condimentum id, luctus nec, molestie sed, justo. Pellentesque viverra pede ac diam. Cras pellentesque volutpat dui.",Arie Cragell,Dungeons & Dragons 5e,"Historical, Dungeon Crawl",Serious,Teens,3,3,4
Li'l Abner,"Cras non velit nec nisi vulputate nonummy. Maecenas tincidunt lacus at velit. Vivamus vel nulla eget eros elementum pellentesque.

Quisque porta volutpat erat. Quisque erat eros, viverra eget, congue eget, semper rutrum, nulla. Nunc purus.

Phasellus in felis. Donec semper sapien a libero. Nam dui.",Reinwald Minchi,Pathfinder 1e,"Military, Horror",Goofy,Anyone,2,4,6
Lore,"Curabitur gravida nisi at nibh. In hac habitasse platea dictumst. Aliquam augue quam, sollicitudin vitae, consectetuer eget, rutrum at, lorem.

Integer tincidunt ante vel ipsum. Praesent blandit lacinia erat. Vestibulum sed magna at nunc commodo placerat.",Sholom Clurow,Call of Cthulhu,"Horror, Slice of Life",Dark,Anyone,2,4,5
"Swordsman II (Legend of the Swordsman, The) (Xiao ao jiang hu zhi: Dong Fang Bu Bai)",In congue. Etiam justo. Etiam pretium iaculis justo.,Chrisy Scatchar,Call of Cthulhu,Pulp,Light-hearted,Anyone,3,3,4
Enter the Void,"Vestibulum ac est lacinia nisi venenatis tristique. Fusce congue, diam id ornare imperdiet, sapien urna pretium nisl, ut volutpat sapien arcu sed augue. Aliquam erat volutpat.

In congue. Etiam justo. Etiam pretium iaculis justo.

In hac habitasse platea dictumst. Etiam faucibus cursus urna. Ut tellus.",Pier Lawey,Pathfinder 2e,"Science Fiction, Dungeon Crawl",Serious,Anyone,3,4,4
Wrong Is Right (a.k.a. The Man With the Deadly Lens),"Curabitur at ipsum ac tellus semper interdum. Mauris ullamcorper purus sit amet nulla. Quisque arcu libero, rutrum ac, lobortis vel, dapibus at, diam.",Sholom Clurow,Pathfinder 2e,Horror,Light-hearted,Anyone,3,3,4
Ride Beyond Vengeance,"Fusce posuere felis sed lacus. Morbi sem mauris, laoreet ut, rhoncus aliquet, pulvinar sed, nisl. Nunc rhoncus dui vel sem.

Sed sagittis. Nam congue, risus semper porta volutpat, quam pede lobortis ligula, sit amet eleifend pede libero quis orci. Nullam molestie nibh in lectus.

Pellentesque at nulla. Suspendisse potenti. Cras in purus eu magna vulputate luctus.",Kissee De Ferraris,Savage Worlds,"Superhero, Slice of Life",Goofy,Anyone,3,3,6
"Boy with Green Hair, The",Aliquam quis turpis eget elit sodales scelerisque. Mauris sit amet eros. Suspendisse accumsan tortor quis turpis.,Sholom Clurow,Wanderhome,Fantasy,Goofy,Anyone,3,4,6
Stuart Saves His Family,"Proin eu mi. Nulla ac enim. In tempor, turpis nec euismod scelerisque, quam turpis adipiscing lorem, vitae mattis nibh ligula nec sem.",Purcell Donegan,Call of Cthulhu,Superhero,Serious,Kids,3,3,6
Vääpeli Körmy ja kahtesti laukeava,"Curabitur gravida nisi at nibh. In hac habitasse platea dictumst. Aliquam augue quam, sollicitudin vitae, consectetuer eget, rutrum at, lorem.

Integer tincidunt ante vel ipsum. Praesent blandit lacinia erat. Vestibulum sed magna at nunc commodo placerat.

Praesent blandit. Nam nulla. Integer pede justo, lacinia eget, tincidunt eget, tempus vel, pede.",Harrison Wardlow,Shadowrun,"Historical, Slice of Life",Light-hearted,Kids,2,3,4
"Hunchback of Notre Dame, The","Curabitur at ipsum ac tellus semper interdum. Mauris ullamcorper purus sit amet nulla. Quisque arcu libero, rutrum ac, lobortis vel, dapibus at, diam.",Mabelle Godfree,Pathfinder 2e,"Western, Dungeon Crawl",Dark,Adults,2,3,5
"Flintstone Kids' Just Say No Special, The","Etiam vel augue. Vestibulum rutrum rutrum neque. Aenean auctor gravida sem.

Praesent id massa id nisl venenatis lacinia. Aenean sit amet justo. Morbi ut odio.",Harrison Wardlow,Pathfinder 2e,"Survival, Slice of Life",Goofy,Adults,2,4,5
Even Money,"Maecenas leo odio, condimentum id, luctus nec, molestie sed, justo. Pellentesque viverra pede ac diam. Cras pellentesque volutpat dui.

Maecenas tristique, est et tempus semper, est quam pharetra magna, ac consequat metus sapien ut nunc. Vestibulum ante ipsum primis in faucibus orci luctus et ultrices posuere cubilia Curae; Mauris viverra diam vitae quam. Suspendisse potenti.

Nullam porttitor lacus at turpis. Donec posuere metus vitae ipsum. Aliquam non mauris.",Melody Lyfe,Dungeons & Dragons 5e,Horror,Dark,Kids,3,3,4
Power/Rangers,"Duis bibendum. Morbi non quam nec dui luctus rutrum. Nulla tellus.

In sagittis dui vel nisl. Duis ac nibh. Fusce lacus purus, aliquet at, feugiat non, pretium quis, lectus.

Suspendisse potenti. In eleifend quam a odio. In hac habitasse platea dictumst.",Lilias Powley,Savage Worlds,Space Opera,Dark,Anyone,2,4,5
Friday the 13th,Nulla ut erat id mauris vulputate elementum. Nullam varius. Nulla facilisi.,Tisha Branche,Dungeons & Dragons 5e,Superhero,Serious,Anyone,2,3,5
Stagecoach,"Cum sociis natoque penatibus et magnis dis parturient montes, nascetur ridiculus mus. Vivamus vestibulum sagittis sapien. Cum sociis natoque penatibus et magnis dis parturient montes, nascetur ridiculus mus.",Lilias Powley,Call of Cthulhu,Fantasy,Dark,Anyone,3,3,6
Re-cycle (Gwai wik),"Vestibulum ac est lacinia nisi venenatis tristique. Fusce congue, diam id ornare imperdiet, sapien urna pretium nisl, ut volutpat sapien arcu sed augue. Aliquam erat volutpat.

In congue. Etiam justo. Etiam pretium iaculis justo.",Susy Towell,Dungeons & Dragons 5e,Romance,Light-hearted,Anyone,3,4,5
Return to Horror High,Maecenas ut massa quis augue luctus tincidunt. Nulla mollis molestie lorem. Quisque ut erat.,Say Rawood,Pathfinder 1e,Survival,Dark,Anyone,3,3,5
"Jails, Hospitals & Hip-Hop","Fusce posuere felis sed lacus. Morbi sem mauris, laoreet ut, rhoncus aliquet, pulvinar sed, nisl. Nunc rhoncus dui vel sem.",Dru Dunkirk,Wanderhome,Mystery,Goofy,Anyone,3,4,6
Magnolia,"Suspendisse potenti. In eleifend quam a odio. In hac habitasse platea dictumst.

Maecenas ut massa quis augue luctus tincidunt. Nulla mollis molestie lorem. Quisque ut erat.

Curabitur gravida nisi at nibh. In hac habitasse platea dictumst. Aliquam augue quam, sollicitudin vitae, consectetuer eget, rutrum at, lorem.",Bab Selborne,Pathfinder 2e,Horror,Light-hearted,Anyone,2,3,5
Seize the Day,"Morbi porttitor lorem id ligula. Suspendisse ornare consequat lectus. In est risus, auctor sed, tristique in, tempus sit amet, sem.

Fusce consequat. Nulla nisl. Nunc nisl.

Duis bibendum, felis sed interdum venenatis, turpis enim blandit mi, in porttitor pede justo eu massa. Donec dapibus. Duis at velit eu est congue elementum.",Richmound Mills,Savage Worlds,Horror,Serious,Anyone,3,4,6
A Grain of Truth,"Proin eu mi. Nulla ac enim. In tempor, turpis nec euismod scelerisque, quam turpis adipiscing lorem, vitae mattis nibh ligula nec sem.",Darci Batrim,Pathfinder 2e,Military,Dark,Anyone,3,4,6
"Tiger's Tail, The","Sed sagittis. Nam congue, risus semper porta volutpat, quam pede lobortis ligula, sit amet eleifend pede libero quis orci. Nullam molestie nibh in lectus.",Ase Buckenhill,Savage Worlds,Science Fiction,Serious,Anyone,3,3,4
"Mystic Masseur, The","In sagittis dui vel nisl. Duis ac nibh. Fusce lacus purus, aliquet at, feugiat non, pretium quis, lectus.",Cari Ebbens,Wanderhome,Cyberpunk,Goofy,Anyone,3,3,5
"Rapture, The","Morbi non lectus. Aliquam sit amet diam in magna bibendum imperdiet. Nullam orci pede, venenatis non, sodales sed, tincidunt eu, felis.

Fusce posuere felis sed lacus. Morbi sem mauris, laoreet ut, rhoncus aliquet, pulvinar sed, nisl. Nunc rhoncus dui vel sem.",Tisha Branche,Call of Cthulhu,Cyberpunk,Dark,Anyone,2,4,5
The Great Kidnapping,Maecenas ut massa quis augue luctus tincidunt. Nulla mollis molestie lorem. Quisque ut erat.,Ivett Schimann,Pathfinder 1e,Superhero,Dark,Anyone,2,4,4
Pale Rider,"Pellentesque at nulla. Suspendisse potenti. Cras in purus eu magna vulputate luctus.

Cum sociis natoque penatibus et magnis dis parturient montes, nascetur ridiculus mus. Vivamus vestibulum sagittis sapien. Cum sociis natoque penatibus et magnis dis parturient montes, nascetur ridiculus mus.",Philis Smalles,Savage Worlds,Historical,Goofy,Anyone,2,4,4
V: The Final Battle,"Nullam porttitor lacus at turpis. Donec posuere metus vitae ipsum. Aliquam non mauris.

Morbi non lectus. Aliquam sit amet diam in magna bibendum imperdiet. Nullam orci pede, venenatis non, sodales sed, tincidunt eu, felis.

Fusce posuere felis sed lacus. Morbi sem mauris, laoreet ut, rhoncus aliquet, pulvinar sed, nisl. Nunc rhoncus dui vel sem.",Ase Buckenhill,Dungeons & Dragons 5e,Space Opera,Dark,Anyone,2,4,4
Summer of '42,"Nullam porttitor lacus at turpis. Donec posuere metus vitae ipsum. Aliquam non mauris.

Morbi non lectus. Aliquam sit amet diam in magna bibendum imperdiet. Nullam orci pede, venenatis non, sodales sed, tincidunt eu, felis.

Fusce posuere felis sed lacus. Morbi sem mauris, laoreet ut, rhoncus aliquet, pulvinar sed, nisl. Nunc rhoncus dui vel sem.",Kayley Uden,Call of Cthulhu,Horror,Light-hearted,Anyone,2,3,5
Gardenia,"Sed ante. Vivamus tortor. Duis mattis egestas metus.

Aenean fermentum. Donec ut mauris eget massa tempor convallis. Nulla neque libero, convallis eget, eleifend luctus, ultricies eu, nibh.",Bab Selborne,Wanderhome,Survival,Dark,Kids,3,4,6
Death of a Salesman,"Praesent id massa id nisl venenatis lacinia. Aenean sit amet justo. Morbi ut odio.

Cras mi pede, malesuada in, imperdiet et, commodo vulputate, justo. In blandit ultrices enim. Lorem ipsum dolor sit amet, consectetuer adipiscing elit.",Remus Chisman,Savage Worlds,"Military, Slice of Life",Serious,Teens,3,3,6
Horror Business,"Duis bibendum, felis sed interdum venenatis, turpis enim blandit mi, in porttitor pede justo eu massa. Donec dapibus. Duis at velit eu est congue elementum.",Josey Onn,Dungeons & Dragons 5e,Romance,Light-hearted,Adults,2,4,6
Who Am I? (Wo shi shei),"Quisque id justo sit amet sapien dignissim vestibulum. Vestibulum ante ipsum primis in faucibus orci luctus et ultrices posuere cubilia Curae; Nulla dapibus dolor vel est. Donec odio justo, sollicitudin ut, suscipit a, feugiat et, eros.",Agnese Vaneev,Pathfinder 2e,Horror,Serious,Anyone,2,4,4
"3 Worlds of Gulliver, The","Cras mi pede, malesuada in, imperdiet et, commodo vulputate, justo. In blandit ultrices enim. Lorem ipsum dolor sit amet, consectetuer adipiscing elit.

Proin interdum mauris non ligula pellentesque ultrices. Phasellus id sapien in sapien iaculis congue. Vivamus metus arcu, adipiscing molestie, hendrerit at, vulputate vitae, nisl.

Aenean lectus. Pellentesque eget nunc. Donec quis orci eget orci vehicula condimentum.",Tisha Branche,Shadowrun,Fantasy,Serious,Anyone,3,3,6
Heart of America,"In hac habitasse platea dictumst. Morbi vestibulum, velit id pretium iaculis, diam erat fermentum justo, nec condimentum neque sapien placerat ante. Nulla justo.

Aliquam quis turpis eget elit sodales scelerisque. Mauris sit amet eros. Suspendisse accumsan tortor quis turpis.

Sed ante. Vivamus tortor. Duis mattis egestas metus.",Cord Scruby,Pathfinder 2e,"Steampunk, Horror, Slice of Life",Goofy,Adults,2,4,4
Ghost Rider: Spirit of Vengeance,"Sed ante. Vivamus tortor. Duis mattis egestas metus.

Aenean fermentum. Donec ut mauris eget massa tempor convallis. Nulla neque libero, convallis eget, eleifend luctus, ultricies eu, nibh.

Quisque id justo sit amet sapien dignissim vestibulum. Vestibulum ante ipsum primis in faucibus orci luctus et ultrices posuere cubilia Curae; Nulla dapibus dolor vel est. Donec odio justo, sollicitudin ut, suscipit a, feugiat et, eros.",Aurore Layburn,Pathfinder 2e,Science Fiction,Dark,Anyone,2,3,5
Scenes from the Class Struggle in Beverly Hills,"Morbi non lectus. Aliquam sit amet diam in magna bibendum imperdiet. Nullam orci pede, venenatis non, sodales sed, tincidunt eu, felis.

Fusce posuere felis sed lacus. Morbi sem mauris, laoreet ut, rhoncus aliquet, pulvinar sed, nisl. Nunc rhoncus dui vel sem.

Sed sagittis. Nam congue, risus semper porta volutpat, quam pede lobortis ligula, sit amet eleifend pede libero quis orci. Nullam molestie nibh in lectus.",Grace Biasio,Pathfinder 2e,"Cyberpunk, Horror",Dark,Adults,2,3,5
"Two Jakes, The","In hac habitasse platea dictumst. Etiam faucibus cursus urna. Ut tellus.

Nulla ut erat id mauris vulputate elementum. Nullam varius. Nulla facilisi.",Lucais Findlow,Call of Cthulhu,Pulp,Serious,Teens,3,3,6
That Championship Season,"Maecenas leo odio, condimentum id, luctus nec, molestie sed, justo. Pellentesque viverra pede ac diam. Cras pellentesque volutpat dui.

Maecenas tristique, est et tempus semper, est quam pharetra magna, ac consequat metus sapien ut nunc. Vestibulum ante ipsum primis in faucibus orci luctus et ultrices posuere cubilia Curae; Mauris viverra diam vitae quam. Suspendisse potenti.",Kayley Uden,Dungeons & Dragons 5e,Pulp,Dark,Teens,3,4,6
Violette (Violette Nozière),"Sed ante. Vivamus tortor. Duis mattis egestas metus.

Aenean fermentum. Donec ut mauris eget massa tempor convallis. Nulla neque libero, convallis eget, eleifend luctus, ultricies eu, nibh.",Bab Selborne,Shadowrun,Steampunk,Goofy,Kids,3,3,5
Garage Olimpo,Nullam porttitor lacus at turpis. Donec posuere metus vitae ipsum. Aliquam non mauris.,Fonzie Kilcoyne,Dungeons & Dragons 5e,Romance,Dark,Kids,3,4,4
Flashpoint,"Phasellus in felis. Donec semper sapien a libero. Nam dui.

Proin leo odio, porttitor id, consequat in, consequat ut, nulla. Sed accumsan felis. Ut at dolor quis odio consequat varius.",Jemie Jotham,Call of Cthulhu,"Science Fiction, Horror",Goofy,Teens,3,4,6
In the Folds of the Flesh,"Vestibulum quam sapien, varius ut, blandit non, interdum in, ante. Vestibulum ante ipsum primis in faucibus orci luctus et ultrices posuere cubilia Curae; Duis faucibus accumsan odio. Curabitur convallis.

Duis consequat dui nec nisi volutpat eleifend. Donec ut dolor. Morbi vel lectus in quam fringilla rhoncus.

Mauris enim leo, rhoncus sed, vestibulum sit amet, cursus id, turpis. Integer aliquet, massa id lobortis convallis, tortor risus dapibus augue, vel accumsan tellus nisi eu orci. Mauris lacinia sapien quis libero.",Mabelle Godfree,Dungeons & Dragons 5e,Steampunk,Goofy,Teens,3,3,6
"Power of Kangwon Province, The (Kangwon-do ui him)","Fusce consequat. Nulla nisl. Nunc nisl.

Duis bibendum, felis sed interdum venenatis, turpis enim blandit mi, in porttitor pede justo eu massa. Donec dapibus. Duis at velit eu est congue elementum.",Zarah Faragan,Shadowrun,Steampunk,Dark,Anyone,2,3,6
"God is Great, I'm Not (Dieu est grand, je suis toute petite)","Vestibulum quam sapien, varius ut, blandit non, interdum in, ante. Vestibulum ante ipsum primis in faucibus orci luctus et ultrices posuere cubilia Curae; Duis faucibus accumsan odio. Curabitur convallis.

Duis consequat dui nec nisi volutpat eleifend. Donec ut dolor. Morbi vel lectus in quam fringilla rhoncus.",Sholom Clurow,Shadowrun,Survival,Dark,Kids,2,3,5
Molokai (Molokai: The Story of Father Damien),In quis justo. Maecenas rhoncus aliquam lacus. Morbi quis tortor id nulla ultrices aliquet.,Zarah Faragan,Wanderhome,Cyberpunk,Goofy,Kids,2,4,4
"Fourth Kind, The","In congue. Etiam justo. Etiam pretium iaculis justo.

In hac habitasse platea dictumst. Etiam faucibus cursus urna. Ut tellus.

Nulla ut erat id mauris vulputate elementum. Nullam varius. Nulla facilisi.",Jemie Jotham,Pathfinder 1e,Romance,Goofy,Teens,2,4,6
Seems Like Old Times,Sed ante. Vivamus tortor. Duis mattis egestas metus.,Richmound Mills,Pathfinder 2e,Superhero,Dark,Teens,2,3,4
Shadow Puppets,Fusce consequat. Nulla nisl. Nunc nisl.,Danit Beardall,Shadowrun,Survival,Serious,Teens,2,4,6
Captain America: The Winter Soldier,"Proin interdum mauris non ligula pellentesque ultrices. Phasellus id sapien in sapien iaculis congue. Vivamus metus arcu, adipiscing molestie, hendrerit at, vulputate vitae, nisl.

Aenean lectus. Pellentesque eget nunc. Donec quis orci eget orci vehicula condimentum.",Chrisy Scatchar,Pathfinder 1e,"Superhero, Dungeon Crawl",Goofy,Anyone,3,4,6
Hobo with a Shotgun,"Curabitur at ipsum ac tellus semper interdum. Mauris ullamcorper purus sit amet nulla. Quisque arcu libero, rutrum ac, lobortis vel, dapibus at, diam.",Gloriane Ennor,Pathfinder 1e,Science Fiction,Dark,Kids,3,3,5
Puppet Master,"Cras mi pede, malesuada in, imperdiet et, commodo vulputate, justo. In blandit ultrices enim. Lorem ipsum dolor sit amet, consectetuer adipiscing elit.",Mabelle Godfree,Wanderhome,Post-Apocalyptic,Goofy,Anyone,2,4,5
Whisky,"Morbi porttitor lorem id ligula. Suspendisse ornare consequat lectus. In est risus, auctor sed, tristique in, tempus sit amet, sem.",Taber McChesney,Call of Cthulhu,Pulp,Goofy,Kids,2,4,4
Garage,"Morbi non lectus. Aliquam sit amet diam in magna bibendum imperdiet. Nullam orci pede, venenatis non, sodales sed, tincidunt eu, felis.",Jeniffer Giannoni,Pathfinder 2e,"Horror, Dungeon Crawl",Dark,Kids,2,3,5
M. Butterfly,"Proin eu mi. Nulla ac enim. In tempor, turpis nec euismod scelerisque, quam turpis adipiscing lorem, vitae mattis nibh ligula nec sem.

Duis aliquam convallis nunc. Proin at turpis a pede posuere nonummy. Integer non velit.

Donec diam neque, vestibulum eget, vulputate ut, ultrices vel, augue. Vestibulum ante ipsum primis in faucibus orci luctus et ultrices posuere cubilia Curae; Donec pharetra, magna vestibulum aliquet ultrices, erat tortor sollicitudin mi, sit amet lobortis sapien sapien non mi. Integer ac neque.",Eleanore Jouaneton,Pathfinder 1e,Post-Apocalyptic,Dark,Teens,2,3,5
Super Duper Alice Cooper,Integer tincidunt ante vel ipsum. Praesent blandit lacinia erat. Vestibulum sed magna at nunc commodo placerat.,Lilias Powley,Pathfinder 1e,"Fantasy, Dungeon Crawl, Slice of Life",Goofy,Anyone,3,3,6
Interrogation (Przesluchanie),"Praesent blandit. Nam nulla. Integer pede justo, lacinia eget, tincidunt eget, tempus vel, pede.

Morbi porttitor lorem id ligula. Suspendisse ornare consequat lectus. In est risus, auctor sed, tristique in, tempus sit amet, sem.

Fusce consequat. Nulla nisl. Nunc nisl.",Jemie Jotham,Shadowrun,"Fantasy, Horror, Dungeon Crawl",Serious,Anyone,2,3,6
A Master Builder,Integer ac leo. Pellentesque ultrices mattis odio. Donec vitae nisi.,Cord Scruby,Shadowrun,Post-Apocalyptic,Goofy,Kids,2,4,6
Castaway on the Moon (Kimssi pyoryugi),"Praesent blandit. Nam nulla. Integer pede justo, lacinia eget, tincidunt eget, tempus vel, pede.

Morbi porttitor lorem id ligula. Suspendisse ornare consequat lectus. In est risus, auctor sed, tristique in, tempus sit amet, sem.

Fusce consequat. Nulla nisl. Nunc nisl.",Pier Lawey,Wanderhome,Western,Light-hearted,Anyone,3,3,6
Invincible,"In hac habitasse platea dictumst. Morbi vestibulum, velit id pretium iaculis, diam erat fermentum justo, nec condimentum neque sapien placerat ante. Nulla justo.

Aliquam quis turpis eget elit sodales scelerisque. Mauris sit amet eros. Suspendisse accumsan tortor quis turpis.

Sed ante. Vivamus tortor. Duis mattis egestas metus.",Hube Gulland,Shadowrun,"Romance, Slice of Life",Dark,Kids,2,4,6
Anna and the King of Siam,"Fusce posuere felis sed lacus. Morbi sem mauris, laoreet ut, rhoncus aliquet, pulvinar sed, nisl. Nunc rhoncus dui vel sem.

Sed sagittis. Nam congue, risus semper porta volutpat, quam pede lobortis ligula, sit amet eleifend pede libero quis orci. Nullam molestie nibh in lectus.",Katrina Mc Andrew,Wanderhome,Superhero,Light-hearted,Kids,2,3,5
May I Kill U?,In congue. Etiam justo. Etiam pretium iaculis justo.,Judi Rochford,Pathfinder 2e,"Science Fiction, Horror",Goofy,Kids,3,3,6
Fishtales,Maecenas ut massa quis augue luctus tincidunt. Nulla mollis molestie lorem. Quisque ut erat.,Ashla Gyves,Shadowrun,Superhero,Serious,Adults,2,3,6
And Everything Is Going Fine,"In hac habitasse platea dictumst. Morbi vestibulum, velit id pretium iaculis, diam erat fermentum justo, nec condimentum neque sapien placerat ante. Nulla justo.",Lexis Ellesworthe,Wanderhome,Military,Dark,Anyone,3,3,4
"Naked Face, The","Fusce posuere felis sed lacus. Morbi sem mauris, laoreet ut, rhoncus aliquet, pulvinar sed, nisl. Nunc rhoncus dui vel sem.

Sed sagittis. Nam congue, risus semper porta volutpat, quam pede lobortis ligula, sit amet eleifend pede libero quis orci. Nullam molestie nibh in lectus.

Pellentesque at nulla. Suspendisse potenti. Cras in purus eu magna vulputate luctus.",Melody Lyfe,Savage Worlds,Western,Light-hearted,Kids,2,3,4
Black Sunday (La maschera del demonio),"Duis bibendum. Morbi non quam nec dui luctus rutrum. Nulla tellus.

In sagittis dui vel nisl. Duis ac nibh. Fusce lacus purus, aliquet at, feugiat non, pretium quis, lectus.

Suspendisse potenti. In eleifend quam a odio. In hac habitasse platea dictumst.",Zarah Faragan,Call of Cthulhu,"Military, Horror",Dark,Kids,3,3,4
"Hot Spot, The","Duis bibendum, felis sed interdum venenatis, turpis enim blandit mi, in porttitor pede justo eu massa. Donec dapibus. Duis at velit eu est congue elementum.

In hac habitasse platea dictumst. Morbi vestibulum, velit id pretium iaculis, diam erat fermentum justo, nec condimentum neque sapien placerat ante. Nulla justo.",Coreen Huckel,Shadowrun,Mystery,Light-hearted,Adults,2,4,6
Miguel and William (Miguel y William),"Sed sagittis. Nam congue, risus semper porta volutpat, quam pede lobortis ligula, sit amet eleifend pede libero quis orci. Nullam molestie nibh in lectus.

Pellentesque at nulla. Suspendisse potenti. Cras in purus eu magna vulputate luctus.",Agnese Vaneev,Pathfinder 1e,Historical,Serious,Anyone,3,4,5
"Living Desert, The","Duis bibendum. Morbi non quam nec dui luctus rutrum. Nulla tellus.

In sagittis dui vel nisl. Duis ac nibh. Fusce lacus purus, aliquet at, feugiat non, pretium quis, lectus.",Gussi Cawood,Savage Worlds,"Steampunk, Dungeon Crawl",Goofy,Adults,3,4,5
Albino Farm,"Maecenas tristique, est et tempus semper, est quam pharetra magna, ac consequat metus sapien ut nunc. Vestibulum ante ipsum primis in faucibus orci luctus et ultrices posuere cubilia Curae; Mauris viverra diam vitae quam. Suspendisse potenti.

Nullam porttitor lacus at turpis. Donec posuere metus vitae ipsum. Aliquam non mauris.",Shayla Durno,Pathfinder 2e,Science Fiction,Light-hearted,Adults,3,3,5
"Sleeping Car, The","In hac habitasse platea dictumst. Etiam faucibus cursus urna. Ut tellus.

Nulla ut erat id mauris vulputate elementum. Nullam varius. Nulla facilisi.

Cras non velit nec nisi vulputate nonummy. Maecenas tincidunt lacus at velit. Vivamus vel nulla eget eros elementum pellentesque.",Shayla Durno,Wanderhome,"Survival, Dungeon Crawl",Serious,Kids,2,3,5
"Ghidorah, the Three-Headed Monster (San daikaijû: Chikyû saidai no kessen)","In quis justo. Maecenas rhoncus aliquam lacus. Morbi quis tortor id nulla ultrices aliquet.

Maecenas leo odio, condimentum id, luctus nec, molestie sed, justo. Pellentesque viverra pede ac diam. Cras pellentesque volutpat dui.

Maecenas tristique, est et tempus semper, est quam pharetra magna, ac consequat metus sapien ut nunc. Vestibulum ante ipsum primis in faucibus orci luctus et ultrices posuere cubilia Curae; Mauris viverra diam vitae quam. Suspendisse potenti.",Eleanore Jouaneton,Dungeons & Dragons 5e,"Survival, Slice of Life",Serious,Adults,2,4,5
Charlie Chan at Monte Carlo,"Nullam sit amet turpis elementum ligula vehicula consequat. Morbi a ipsum. Integer a nibh.

In quis justo. Maecenas rhoncus aliquam lacus. Morbi quis tortor id nulla ultrices aliquet.",Sholom Clurow,Pathfinder 1e,Post-Apocalyptic,Goofy,Teens,2,4,6
Charlie: The Life and Art of Charles Chaplin,"Vestibulum quam sapien, varius ut, blandit non, interdum in, ante. Vestibulum ante ipsum primis in faucibus orci luctus et ultrices posuere cubilia Curae; Duis faucibus accumsan odio. Curabitur convallis.",Erv Jerzak,Savage Worlds,Superhero,Dark,Anyone,3,3,4
Genghis Blues,"Suspendisse potenti. In eleifend quam a odio. In hac habitasse platea dictumst.

Maecenas ut massa quis augue luctus tincidunt. Nulla mollis molestie lorem. Quisque ut erat.",Josey Onn,Pathfinder 2e,Pulp,Goofy,Kids,3,3,6
Three Kings,"Aliquam quis turpis eget elit sodales scelerisque. Mauris sit amet eros. Suspendisse accumsan tortor quis turpis.

Sed ante. Vivamus tortor. Duis mattis egestas metus.

Aenean fermentum. Donec ut mauris eget massa tempor convallis. Nulla neque libero, convallis eget, eleifend luctus, ultricies eu, nibh.",Ninnetta Beynke,Savage Worlds,Historical,Goofy,Anyone,3,4,6
Eggs,"Praesent id massa id nisl venenatis lacinia. Aenean sit amet justo. Morbi ut odio.

Cras mi pede, malesuada in, imperdiet et, commodo vulputate, justo. In blandit ultrices enim. Lorem ipsum dolor sit amet, consectetuer adipiscing elit.",Tiler Beedon,Call of Cthulhu,Military,Light-hearted,Kids,3,3,5
Sandor slash Ida,"Sed ante. Vivamus tortor. Duis mattis egestas metus.

Aenean fermentum. Donec ut mauris eget massa tempor convallis. Nulla neque libero, convallis eget, eleifend luctus, ultricies eu, nibh.",Cari Ebbens,Pathfinder 2e,Western,Dark,Anyone,3,4,5
Big Top Pee-Wee,"Duis aliquam convallis nunc. Proin at turpis a pede posuere nonummy. Integer non velit.

Donec diam neque, vestibulum eget, vulputate ut, ultrices vel, augue. Vestibulum ante ipsum primis in faucibus orci luctus et ultrices posuere cubilia Curae; Donec pharetra, magna vestibulum aliquet ultrices, erat tortor sollicitudin mi, sit amet lobortis sapien sapien non mi. Integer ac neque.",Pier Lawey,Wanderhome,Post-Apocalyptic,Dark,Teens,2,3,4
Space Odyssey: Voyage to the Planets,"Fusce posuere felis sed lacus. Morbi sem mauris, laoreet ut, rhoncus aliquet, pulvinar sed, nisl. Nunc rhoncus dui vel sem.

Sed sagittis. Nam congue, risus semper porta volutpat, quam pede lobortis ligula, sit amet eleifend pede libero quis orci. Nullam molestie nibh in lectus.",Ase Buckenhill,Shadowrun,Romance,Goofy,Adults,2,4,6
Firestorm,"Aenean fermentum. Donec ut mauris eget massa tempor convallis. Nulla neque libero, convallis eget, eleifend luctus, ultricies eu, nibh.",Sholom Clurow,Wanderhome,Survival,Light-hearted,Anyone,2,3,5
Bad Johnson,Phasellus in felis. Donec semper sapien a libero. Nam dui.,Shayla Durno,Dungeons & Dragons 5e,"Survival, Dungeon Crawl",Goofy,Adults,2,4,4
Invitation to the Dance,"Lorem ipsum dolor sit amet, consectetuer adipiscing elit. Proin risus. Praesent lectus.

Vestibulum quam sapien, varius ut, blandit non, interdum in, ante. Vestibulum ante ipsum primis in faucibus orci luctus et ultrices posuere cubilia Curae; Duis faucibus accumsan odio. Curabitur convallis.

Duis consequat dui nec nisi volutpat eleifend. Donec ut dolor. Morbi vel lectus in quam fringilla rhoncus.",Chrisy Scatchar,Savage Worlds,Historical,Goofy,Anyone,3,4,4
Moonlight Serenade,"Praesent blandit. Nam nulla. Integer pede justo, lacinia eget, tincidunt eget, tempus vel, pede.",Court Isley,Shadowrun,Post-Apocalyptic,Goofy,Anyone,3,4,5
Condorman,"Praesent id massa id nisl venenatis lacinia. Aenean sit amet justo. Morbi ut odio.

Cras mi pede, malesuada in, imperdiet et, commodo vulputate, justo. In blandit ultrices enim. Lorem ipsum dolor sit amet, consectetuer adipiscing elit.",Philis Smalles,Shadowrun,Fantasy,Goofy,Kids,2,3,5
Disney Princess Collection: Jasmine's Enchanted Tales: Jasmine's Wish,"Vestibulum quam sapien, varius ut, blandit non, interdum in, ante. Vestibulum ante ipsum primis in faucibus orci luctus et ultrices posuere cubilia Curae; Duis faucibus accumsan odio. Curabitur convallis.",Dorie Tucknott,Savage Worlds,Military,Dark,Teens,2,4,4
"Ambushers, The",Pellentesque at nulla. Suspendisse potenti. Cras in purus eu magna vulputate luctus.,Agnese Vaneev,Call of Cthulhu,"Science Fiction, Horror",Light-hearted,Anyone,3,3,5
"She No Longer Talks, She Shoots","Phasellus in felis. Donec semper sapien a libero. Nam dui.

Proin leo odio, porttitor id, consequat in, consequat ut, nulla. Sed accumsan felis. Ut at dolor quis odio consequat varius.",Karisa Yellowley,Wanderhome,Science Fiction,Dark,Adults,2,4,6
Make the Yuletide Gay,"Praesent id massa id nisl venenatis lacinia. Aenean sit amet justo. Morbi ut odio.

Cras mi pede, malesuada in, imperdiet et, commodo vulputate, justo. In blandit ultrices enim. Lorem ipsum dolor sit amet, consectetuer adipiscing elit.

Proin interdum mauris non ligula pellentesque ultrices. Phasellus id sapien in sapien iaculis congue. Vivamus metus arcu, adipiscing molestie, hendrerit at, vulputate vitae, nisl.",Fonzie Kilcoyne,Wanderhome,Survival,Serious,Anyone,2,4,6
"Jolly Boys' Last Stand, The","Aliquam quis turpis eget elit sodales scelerisque. Mauris sit amet eros. Suspendisse accumsan tortor quis turpis.

Sed ante. Vivamus tortor. Duis mattis egestas metus.

Aenean fermentum. Donec ut mauris eget massa tempor convallis. Nulla neque libero, convallis eget, eleifend luctus, ultricies eu, nibh.",Titus Hiddsley,Savage Worlds,Military,Goofy,Adults,3,4,6
Neath the Arizona Skies,"Proin leo odio, porttitor id, consequat in, consequat ut, nulla. Sed accumsan felis. Ut at dolor quis odio consequat varius.

Integer ac leo. Pellentesque ultrices mattis odio. Donec vitae nisi.",Dorie Tucknott,Dungeons & Dragons 5e,Space Opera,Serious,Anyone,2,3,5
Billy Liar,"Suspendisse potenti. In eleifend quam a odio. In hac habitasse platea dictumst.

Maecenas ut massa quis augue luctus tincidunt. Nulla mollis molestie lorem. Quisque ut erat.",Barrie Smalecombe,Shadowrun,"Military, Slice of Life",Light-hearted,Teens,2,4,5
Rage of Angels,"Mauris enim leo, rhoncus sed, vestibulum sit amet, cursus id, turpis. Integer aliquet, massa id lobortis convallis, tortor risus dapibus augue, vel accumsan tellus nisi eu orci. Mauris lacinia sapien quis libero.

Nullam sit amet turpis elementum ligula vehicula consequat. Morbi a ipsum. Integer a nibh.

In quis justo. Maecenas rhoncus aliquam lacus. Morbi quis tortor id nulla ultrices aliquet.",Bab Selborne,Pathfinder 2e,Steampunk,Light-hearted,Kids,2,4,4
"Ivan the Terrible, Part One (Ivan Groznyy I)",In hac habitasse platea dictumst. Etiam faucibus cursus urna. Ut tellus.,Lilias Powley,Wanderhome,Western,Goofy,Anyone,3,3,6
Something Wild,"Curabitur in libero ut massa volutpat convallis. Morbi odio odio, elementum eu, interdum eu, tincidunt in, leo. Maecenas pulvinar lobortis est.

Phasellus sit amet erat. Nulla tempus. Vivamus in felis eu sapien cursus vestibulum.

Proin eu mi. Nulla ac enim. In tempor, turpis nec euismod scelerisque, quam turpis adipiscing lorem, vitae mattis nibh ligula nec sem.",Barrie Smalecombe,Savage Worlds,"Science Fiction, Dungeon Crawl",Serious,Adults,2,4,6
Charlie Brown's Christmas Tales,"Mauris enim leo, rhoncus sed, vestibulum sit amet, cursus id, turpis. Integer aliquet, massa id lobortis convallis, tortor risus dapibus augue, vel accumsan tellus nisi eu orci. Mauris lacinia sapien quis libero.",Thadeus Shapcote,Dungeons & Dragons 5e,Space Opera,Dark,Kids,2,4,4
Faust,"Morbi porttitor lorem id ligula. Suspendisse ornare consequat lectus. In est risus, auctor sed, tristique in, tempus sit amet, sem.

Fusce consequat. Nulla nisl. Nunc nisl.

Duis bibendum, felis sed interdum venenatis, turpis enim blandit mi, in porttitor pede justo eu massa. Donec dapibus. Duis at velit eu est congue elementum.",Darci Batrim,Shadowrun,Cyberpunk,Goofy,Adults,2,4,4
"Message from Akira Kurosawa: For Beautiful Movies, A (Kurosawa Akira kara no messêji: Utsukushii eiga o)","Vestibulum ac est lacinia nisi venenatis tristique. Fusce congue, diam id ornare imperdiet, sapien urna pretium nisl, ut volutpat sapien arcu sed augue. Aliquam erat volutpat.

In congue. Etiam justo. Etiam pretium iaculis justo.",Lucais Findlow,Dungeons & Dragons 5e,Mystery,Goofy,Teens,2,3,6
Isle of the Dead,"Praesent blandit. Nam nulla. Integer pede justo, lacinia eget, tincidunt eget, tempus vel, pede.

Morbi porttitor lorem id ligula. Suspendisse ornare consequat lectus. In est risus, auctor sed, tristique in, tempus sit amet, sem.

Fusce consequat. Nulla nisl. Nunc nisl.",Arie Cragell,Pathfinder 1e,Historical,Serious,Adults,2,4,4